[
   {
      "model":"product.composition",
      "pk":1,
      "fields":{
         "product":1,
         "modulo":1,
         "name":"Gioielleria (Bianco)modulo base cassetti + antine (Bianco)",
         "code":"2",
         "price":"0.00",
         "image":"",
         "slider":"",
         "thumb":"",
         "thumbdue":"",
         "croplibero":"",
         "color":1,
         "material":null,
         "quantity":3,
         "allegato":"",
         "pub_date":"2016-10-09T12:35:04Z",
         "active":false,
         "video":[

         ]
      }
   },
   {
      "model":"product.composition",
      "pk":3,
      "fields":{
         "product":1,
         "modulo":18,
         "name":"Gioielleria (Bianco)mensola con teca (bianca)",
         "code":"19",
         "price":"0.00",
         "image":"",
         "slider":"",
         "thumb":"",
         "thumbdue":"",
         "croplibero":"",
         "color":1,
         "material":null,
         "quantity":6,
         "allegato":"",
         "pub_date":"2016-10-09T12:35:04Z",
         "active":false,
         "video":[

         ]
      }
   },
   {
      "model":"product.composition",
      "pk":4,
      "fields":{
         "product":1,
         "modulo":10,
         "name":"Gioielleria (Bianco)tavolo ponte con teche (bianco)",
         "code":"11",
         "price":"0.00",
         "image":"",
         "slider":"",
         "thumb":"",
         "thumbdue":"",
         "croplibero":"",
         "color":1,
         "material":null,
         "quantity":4,
         "allegato":"",
         "pub_date":"2016-10-09T12:35:04Z",
         "active":false,
         "video":[

         ]
      }
   },
   {
      "model":"product.composition",
      "pk":5,
      "fields":{
         "product":1,
         "modulo":13,
         "name":"Gioielleria (Bianco)elemento espositore cassetti con teca doppia (bianco)",
         "code":"14",
         "price":"0.00",
         "image":"",
         "slider":"",
         "thumb":"",
         "thumbdue":"",
         "croplibero":"",
         "color":1,
         "material":null,
         "quantity":3,
         "allegato":"",
         "pub_date":"2016-10-09T12:35:04Z",
         "active":false,
         "video":[

         ]
      }
   },
   {
      "model":"product.composition",
      "pk":6,
      "fields":{
         "product":1,
         "modulo":7,
         "name":"Gioielleria (Bianco)specchio h 172 (bianco)",
         "code":"8",
         "price":"0.00",
         "image":"",
         "slider":"",
         "thumb":"",
         "thumbdue":"",
         "croplibero":"",
         "color":1,
         "material":null,
         "quantity":2,
         "allegato":"",
         "pub_date":"2016-10-09T12:35:04Z",
         "active":false,
         "video":[

         ]
      }
   },
   {
      "model":"product.composition",
      "pk":7,
      "fields":{
         "product":1,
         "modulo":17,
         "name":"Gioielleria (Bianco)lampada a sospensione parete 130 cm",
         "code":"18",
         "price":"0.00",
         "image":"",
         "slider":"",
         "thumb":"",
         "thumbdue":"",
         "croplibero":"",
         "color":1,
         "material":null,
         "quantity":12,
         "allegato":"",
         "pub_date":"2016-10-09T12:35:04Z",
         "active":false,
         "video":[

         ]
      }
   },
   {
      "model":"product.composition",
      "pk":8,
      "fields":{
         "product":1,
         "modulo":16,
         "name":"Gioielleria (Bianco)Lampada a sospensione 150cm",
         "code":"17",
         "price":"0.00",
         "image":"",
         "slider":"",
         "thumb":"",
         "thumbdue":"",
         "croplibero":"",
         "color":1,
         "material":null,
         "quantity":3,
         "allegato":"",
         "pub_date":"2016-10-09T12:35:04Z",
         "active":false,
         "video":[

         ]
      }
   },
   {
      "model":"product.composition",
      "pk":9,
      "fields":{
         "product":2,
         "modulo":2,
         "name":"Gioielleria (Tortora)modulo base cassetti + antine (Tortora)",
         "code":"4",
         "price":"0.00",
         "image":"",
         "slider":"",
         "thumb":"",
         "thumbdue":"",
         "croplibero":"",
         "color":3,
         "material":null,
         "quantity":3,
         "allegato":"",
         "pub_date":"2016-10-09T12:38:42Z",
         "active":false,
         "video":[

         ]
      }
   },
   {
      "model":"product.composition",
      "pk":11,
      "fields":{
         "product":2,
         "modulo":19,
         "name":"Gioielleria (Tortora)mensola con teca (tortora)",
         "code":"21",
         "price":"0.00",
         "image":"",
         "slider":"",
         "thumb":"",
         "thumbdue":"",
         "croplibero":"",
         "color":3,
         "material":null,
         "quantity":6,
         "allegato":"",
         "pub_date":"2016-10-09T12:38:42Z",
         "active":false,
         "video":[

         ]
      }
   },
   {
      "model":"product.composition",
      "pk":12,
      "fields":{
         "product":2,
         "modulo":11,
         "name":"Gioielleria (Tortora)tavolo ponte con teche (tortora)",
         "code":"13",
         "price":"0.00",
         "image":"",
         "slider":"",
         "thumb":"",
         "thumbdue":"",
         "croplibero":"",
         "color":3,
         "material":null,
         "quantity":4,
         "allegato":"",
         "pub_date":"2016-10-09T12:38:42Z",
         "active":false,
         "video":[

         ]
      }
   },
   {
      "model":"product.composition",
      "pk":13,
      "fields":{
         "product":2,
         "modulo":14,
         "name":"Gioielleria (Tortora)elemento espositore cassetti con teca doppia (tortora)",
         "code":"16",
         "price":"0.00",
         "image":"",
         "slider":"",
         "thumb":"",
         "thumbdue":"",
         "croplibero":"",
         "color":3,
         "material":null,
         "quantity":3,
         "allegato":"",
         "pub_date":"2016-10-09T12:38:42Z",
         "active":false,
         "video":[

         ]
      }
   },
   {
      "model":"product.composition",
      "pk":14,
      "fields":{
         "product":2,
         "modulo":8,
         "name":"Gioielleria (Tortora)specchio h 172 (tortora)",
         "code":"10",
         "price":"0.00",
         "image":"",
         "slider":"",
         "thumb":"",
         "thumbdue":"",
         "croplibero":"",
         "color":3,
         "material":null,
         "quantity":2,
         "allegato":"",
         "pub_date":"2016-10-09T12:38:42Z",
         "active":false,
         "video":[

         ]
      }
   },
   {
      "model":"product.composition",
      "pk":15,
      "fields":{
         "product":2,
         "modulo":17,
         "name":"Gioielleria (Tortora)lampada a sospensione parete 130 cm",
         "code":"19",
         "price":"0.00",
         "image":"",
         "slider":"",
         "thumb":"",
         "thumbdue":"",
         "croplibero":"",
         "color":3,
         "material":null,
         "quantity":12,
         "allegato":"",
         "pub_date":"2016-10-09T12:38:42Z",
         "active":false,
         "video":[

         ]
      }
   },
   {
      "model":"product.composition",
      "pk":16,
      "fields":{
         "product":2,
         "modulo":16,
         "name":"Gioielleria (Tortora)Lampada a sospensione 150cm",
         "code":"18",
         "price":"0.00",
         "image":"",
         "slider":"",
         "thumb":"",
         "thumbdue":"",
         "croplibero":"",
         "color":3,
         "material":null,
         "quantity":3,
         "allegato":"",
         "pub_date":"2016-10-09T12:38:42Z",
         "active":false,
         "video":[

         ]
      }
   },
   {
      "model":"product.composition",
      "pk":17,
      "fields":{
         "product":3,
         "modulo":3,
         "name":"Gioielleria (Legno Vintage)modulo base cassetti + antine (Legno Vintage)",
         "code":"6",
         "price":"0.00",
         "image":"",
         "slider":"",
         "thumb":"",
         "thumbdue":"",
         "croplibero":"",
         "color":2,
         "material":null,
         "quantity":3,
         "allegato":"",
         "pub_date":"2016-10-09T12:42:35Z",
         "active":false,
         "video":[

         ]
      }
   },
   {
      "model":"product.composition",
      "pk":19,
      "fields":{
         "product":3,
         "modulo":20,
         "name":"Gioielleria (Legno Vintage)mensola con teca (legno vintage)",
         "code":"23",
         "price":"0.00",
         "image":"",
         "slider":"",
         "thumb":"",
         "thumbdue":"",
         "croplibero":"",
         "color":2,
         "material":null,
         "quantity":6,
         "allegato":"",
         "pub_date":"2016-10-09T12:42:35Z",
         "active":false,
         "video":[

         ]
      }
   },
   {
      "model":"product.composition",
      "pk":20,
      "fields":{
         "product":3,
         "modulo":12,
         "name":"Gioielleria (Legno Vintage)tavolo ponte con teche (legno vintage)",
         "code":"15",
         "price":"0.00",
         "image":"",
         "slider":"",
         "thumb":"",
         "thumbdue":"",
         "croplibero":"",
         "color":2,
         "material":null,
         "quantity":4,
         "allegato":"",
         "pub_date":"2016-10-09T12:42:35Z",
         "active":false,
         "video":[

         ]
      }
   },
   {
      "model":"product.composition",
      "pk":21,
      "fields":{
         "product":3,
         "modulo":15,
         "name":"Gioielleria (Legno Vintage)elemento espositore cassetti con teca doppia (legno vintage)",
         "code":"18",
         "price":"0.00",
         "image":"",
         "slider":"",
         "thumb":"",
         "thumbdue":"",
         "croplibero":"",
         "color":2,
         "material":null,
         "quantity":3,
         "allegato":"",
         "pub_date":"2016-10-09T12:42:35Z",
         "active":false,
         "video":[

         ]
      }
   },
   {
      "model":"product.composition",
      "pk":22,
      "fields":{
         "product":3,
         "modulo":9,
         "name":"Gioielleria (Legno Vintage)specchio h 172 (legno vintage)",
         "code":"12",
         "price":"0.00",
         "image":"",
         "slider":"",
         "thumb":"",
         "thumbdue":"",
         "croplibero":"",
         "color":2,
         "material":null,
         "quantity":2,
         "allegato":"",
         "pub_date":"2016-10-09T12:42:35Z",
         "active":false,
         "video":[

         ]
      }
   },
   {
      "model":"product.composition",
      "pk":23,
      "fields":{
         "product":3,
         "modulo":17,
         "name":"Gioielleria (Legno Vintage)lampada a sospensione parete 130 cm",
         "code":"20",
         "price":"0.00",
         "image":"",
         "slider":"",
         "thumb":"",
         "thumbdue":"",
         "croplibero":"",
         "color":2,
         "material":null,
         "quantity":12,
         "allegato":"",
         "pub_date":"2016-10-09T12:42:35Z",
         "active":false,
         "video":[

         ]
      }
   },
   {
      "model":"product.composition",
      "pk":24,
      "fields":{
         "product":3,
         "modulo":16,
         "name":"Gioielleria (Legno Vintage)Lampada a sospensione 150cm",
         "code":"19",
         "price":"0.00",
         "image":"",
         "slider":"",
         "thumb":"",
         "thumbdue":"",
         "croplibero":"",
         "color":2,
         "material":null,
         "quantity":3,
         "allegato":"",
         "pub_date":"2016-10-09T12:42:35Z",
         "active":false,
         "video":[

         ]
      }
   },
   {
      "model":"product.composition",
      "pk":25,
      "fields":{
         "product":4,
         "modulo":24,
         "name":"Negozio Oggettistica (Bianco)modulo base antine (bianco)",
         "code":"28",
         "price":"0.00",
         "image":"",
         "slider":"",
         "thumb":"",
         "thumbdue":"",
         "croplibero":"",
         "color":1,
         "material":null,
         "quantity":2,
         "allegato":"",
         "pub_date":"2016-10-09T15:00:36Z",
         "active":false,
         "video":[

         ]
      }
   },
   {
      "model":"product.composition",
      "pk":26,
      "fields":{
         "product":4,
         "modulo":33,
         "name":"Negozio Oggettistica (Bianco)mensola con cassetto (bianco)",
         "code":"37",
         "price":"0.00",
         "image":"",
         "slider":"",
         "thumb":"",
         "thumbdue":"",
         "croplibero":"",
         "color":1,
         "material":null,
         "quantity":3,
         "allegato":"",
         "pub_date":"2016-10-09T15:03:07Z",
         "active":false,
         "video":[

         ]
      }
   },
   {
      "model":"product.composition",
      "pk":28,
      "fields":{
         "product":4,
         "modulo":27,
         "name":"Negozio Oggettistica (Bianco)modulo espositivo base a giorno + alzata ripiani (bianco)",
         "code":"31",
         "price":"0.00",
         "image":"",
         "slider":"",
         "thumb":"",
         "thumbdue":"",
         "croplibero":"",
         "color":1,
         "material":null,
         "quantity":6,
         "allegato":"",
         "pub_date":"2016-10-09T15:03:07Z",
         "active":false,
         "video":[

         ]
      }
   },
   {
      "model":"product.composition",
      "pk":29,
      "fields":{
         "product":4,
         "modulo":30,
         "name":"Negozio Oggettistica (Bianco)elemento espositore antina con teca doppia (bianco)",
         "code":"34",
         "price":"0.00",
         "image":"",
         "slider":"",
         "thumb":"",
         "thumbdue":"",
         "croplibero":"",
         "color":1,
         "material":null,
         "quantity":2,
         "allegato":"",
         "pub_date":"2016-10-09T15:03:07Z",
         "active":false,
         "video":[

         ]
      }
   },
   {
      "model":"product.composition",
      "pk":30,
      "fields":{
         "product":4,
         "modulo":7,
         "name":"Negozio Oggettistica (Bianco)specchio h 172 (bianco)",
         "code":"11",
         "price":"0.00",
         "image":"",
         "slider":"",
         "thumb":"",
         "thumbdue":"",
         "croplibero":"",
         "color":1,
         "material":null,
         "quantity":2,
         "allegato":"",
         "pub_date":"2016-10-09T15:03:07Z",
         "active":false,
         "video":[

         ]
      }
   },
   {
      "model":"product.composition",
      "pk":31,
      "fields":{
         "product":4,
         "modulo":21,
         "name":"Negozio Oggettistica (Bianco)modulo a sospensione porta grafica (bianco)",
         "code":"25",
         "price":"0.00",
         "image":"",
         "slider":"",
         "thumb":"",
         "thumbdue":"",
         "croplibero":"",
         "color":1,
         "material":null,
         "quantity":6,
         "allegato":"",
         "pub_date":"2016-10-09T15:03:07Z",
         "active":false,
         "video":[

         ]
      }
   },
   {
      "model":"product.composition",
      "pk":32,
      "fields":{
         "product":4,
         "modulo":16,
         "name":"Negozio Oggettistica (Bianco)Lampada a sospensione 150cm",
         "code":"20",
         "price":"0.00",
         "image":"",
         "slider":"",
         "thumb":"",
         "thumbdue":"",
         "croplibero":"",
         "color":1,
         "material":null,
         "quantity":2,
         "allegato":"",
         "pub_date":"2016-10-09T15:03:07Z",
         "active":false,
         "video":[

         ]
      }
   },
   {
      "model":"product.composition",
      "pk":33,
      "fields":{
         "product":5,
         "modulo":25,
         "name":"Negozio Oggettistica (Tortora)modulo base antine (tortora)",
         "code":"30",
         "price":"0.00",
         "image":"",
         "slider":"",
         "thumb":"",
         "thumbdue":"",
         "croplibero":"",
         "color":3,
         "material":null,
         "quantity":2,
         "allegato":"",
         "pub_date":"2016-10-09T15:06:06Z",
         "active":false,
         "video":[

         ]
      }
   },
   {
      "model":"product.composition",
      "pk":34,
      "fields":{
         "product":5,
         "modulo":34,
         "name":"Negozio Oggettistica (Tortora)mensola con cassetto (tortora)",
         "code":"39",
         "price":"0.00",
         "image":"",
         "slider":"",
         "thumb":"",
         "thumbdue":"",
         "croplibero":"",
         "color":3,
         "material":null,
         "quantity":3,
         "allegato":"",
         "pub_date":"2016-10-09T15:06:06Z",
         "active":false,
         "video":[

         ]
      }
   },
   {
      "model":"product.composition",
      "pk":36,
      "fields":{
         "product":5,
         "modulo":28,
         "name":"Negozio Oggettistica (Tortora)modulo espositivo base a giorno + alzata ripiani (tortora)",
         "code":"33",
         "price":"0.00",
         "image":"",
         "slider":"",
         "thumb":"",
         "thumbdue":"",
         "croplibero":"",
         "color":3,
         "material":null,
         "quantity":6,
         "allegato":"",
         "pub_date":"2016-10-09T15:06:06Z",
         "active":false,
         "video":[

         ]
      }
   },
   {
      "model":"product.composition",
      "pk":37,
      "fields":{
         "product":5,
         "modulo":31,
         "name":"Negozio Oggettistica (Tortora)elemento espositore antina con teca doppia (tortora)",
         "code":"36",
         "price":"0.00",
         "image":"",
         "slider":"",
         "thumb":"",
         "thumbdue":"",
         "croplibero":"",
         "color":3,
         "material":null,
         "quantity":2,
         "allegato":"",
         "pub_date":"2016-10-09T15:06:06Z",
         "active":false,
         "video":[

         ]
      }
   },
   {
      "model":"product.composition",
      "pk":38,
      "fields":{
         "product":5,
         "modulo":8,
         "name":"Negozio Oggettistica (Tortora)specchio h 172 (tortora)",
         "code":"13",
         "price":"0.00",
         "image":"",
         "slider":"",
         "thumb":"",
         "thumbdue":"",
         "croplibero":"",
         "color":3,
         "material":null,
         "quantity":2,
         "allegato":"",
         "pub_date":"2016-10-09T15:06:06Z",
         "active":false,
         "video":[

         ]
      }
   },
   {
      "model":"product.composition",
      "pk":39,
      "fields":{
         "product":5,
         "modulo":22,
         "name":"Negozio Oggettistica (Tortora)modulo a sospensione porta grafica (tortora)",
         "code":"27",
         "price":"0.00",
         "image":"",
         "slider":"",
         "thumb":"",
         "thumbdue":"",
         "croplibero":"",
         "color":3,
         "material":null,
         "quantity":6,
         "allegato":"",
         "pub_date":"2016-10-09T15:06:06Z",
         "active":false,
         "video":[

         ]
      }
   },
   {
      "model":"product.composition",
      "pk":40,
      "fields":{
         "product":5,
         "modulo":16,
         "name":"Negozio Oggettistica (Tortora)Lampada a sospensione 150cm",
         "code":"21",
         "price":"0.00",
         "image":"",
         "slider":"",
         "thumb":"",
         "thumbdue":"",
         "croplibero":"",
         "color":3,
         "material":null,
         "quantity":2,
         "allegato":"",
         "pub_date":"2016-10-09T15:06:06Z",
         "active":false,
         "video":[

         ]
      }
   },
   {
      "model":"product.composition",
      "pk":41,
      "fields":{
         "product":6,
         "modulo":26,
         "name":"Negozio Oggettistica (Legno Vintage)modulo base antine (legno vintage)",
         "code":"32",
         "price":"0.00",
         "image":"",
         "slider":"",
         "thumb":"",
         "thumbdue":"",
         "croplibero":"",
         "color":2,
         "material":null,
         "quantity":2,
         "allegato":"",
         "pub_date":"2016-10-09T15:11:43Z",
         "active":false,
         "video":[

         ]
      }
   },
   {
      "model":"product.composition",
      "pk":42,
      "fields":{
         "product":6,
         "modulo":35,
         "name":"Negozio Oggettistica (Legno Vintage)mensola con cassetto (legno vintage)",
         "code":"41",
         "price":"0.00",
         "image":"",
         "slider":"",
         "thumb":"",
         "thumbdue":"",
         "croplibero":"",
         "color":2,
         "material":null,
         "quantity":3,
         "allegato":"",
         "pub_date":"2016-10-09T15:11:43Z",
         "active":false,
         "video":[

         ]
      }
   },
   {
      "model":"product.composition",
      "pk":44,
      "fields":{
         "product":6,
         "modulo":29,
         "name":"Negozio Oggettistica (Legno Vintage)modulo espositivo base a giorno + alzata ripiani (legno vintage)",
         "code":"35",
         "price":"0.00",
         "image":"",
         "slider":"",
         "thumb":"",
         "thumbdue":"",
         "croplibero":"",
         "color":2,
         "material":null,
         "quantity":6,
         "allegato":"",
         "pub_date":"2016-10-09T15:11:43Z",
         "active":false,
         "video":[

         ]
      }
   },
   {
      "model":"product.composition",
      "pk":45,
      "fields":{
         "product":6,
         "modulo":32,
         "name":"Negozio Oggettistica (Legno Vintage)elemento espositore antina con teca doppia (legno vintage)",
         "code":"38",
         "price":"0.00",
         "image":"",
         "slider":"",
         "thumb":"",
         "thumbdue":"",
         "croplibero":"",
         "color":2,
         "material":null,
         "quantity":2,
         "allegato":"",
         "pub_date":"2016-10-09T15:11:43Z",
         "active":false,
         "video":[

         ]
      }
   },
   {
      "model":"product.composition",
      "pk":46,
      "fields":{
         "product":6,
         "modulo":9,
         "name":"Negozio Oggettistica (Legno Vintage)specchio h 172 (legno vintage)",
         "code":"15",
         "price":"0.00",
         "image":"",
         "slider":"",
         "thumb":"",
         "thumbdue":"",
         "croplibero":"",
         "color":2,
         "material":null,
         "quantity":2,
         "allegato":"",
         "pub_date":"2016-10-09T15:11:43Z",
         "active":false,
         "video":[

         ]
      }
   },
   {
      "model":"product.composition",
      "pk":47,
      "fields":{
         "product":6,
         "modulo":23,
         "name":"Negozio Oggettistica (Legno Vintage)modulo a sospensione porta grafica (legno vintage)",
         "code":"29",
         "price":"0.00",
         "image":"",
         "slider":"",
         "thumb":"",
         "thumbdue":"",
         "croplibero":"",
         "color":2,
         "material":null,
         "quantity":6,
         "allegato":"",
         "pub_date":"2016-10-09T15:11:43Z",
         "active":false,
         "video":[

         ]
      }
   },
   {
      "model":"product.composition",
      "pk":48,
      "fields":{
         "product":6,
         "modulo":16,
         "name":"Negozio Oggettistica (Legno Vintage)Lampada a sospensione 150cm",
         "code":"22",
         "price":"0.00",
         "image":"",
         "slider":"",
         "thumb":"",
         "thumbdue":"",
         "croplibero":"",
         "color":2,
         "material":null,
         "quantity":2,
         "allegato":"",
         "pub_date":"2016-10-09T15:11:43Z",
         "active":false,
         "video":[

         ]
      }
   },
   {
      "model":"product.composition",
      "pk":49,
      "fields":{
         "product":7,
         "modulo":42,
         "name":"Negozio Ottica - A (Bianco)modulo espositivo base cassetti + alzata mensole occhiali (bianco)",
         "code":"49",
         "price":"0.00",
         "image":"",
         "slider":"",
         "thumb":"",
         "thumbdue":"",
         "croplibero":"",
         "color":1,
         "material":null,
         "quantity":3,
         "allegato":"",
         "pub_date":"2016-10-10T04:43:03Z",
         "active":false,
         "video":[

         ]
      }
   },
   {
      "model":"product.composition",
      "pk":50,
      "fields":{
         "product":7,
         "modulo":36,
         "name":"Negozio Ottica - A (Bianco)modulo espositivo base antine + alzata mensole occhiali (bianco)",
         "code":"43",
         "price":"0.00",
         "image":"",
         "slider":"",
         "thumb":"",
         "thumbdue":"",
         "croplibero":"",
         "color":1,
         "material":null,
         "quantity":5,
         "allegato":"",
         "pub_date":"2016-10-10T04:43:03Z",
         "active":false,
         "video":[

         ]
      }
   },
   {
      "model":"product.composition",
      "pk":52,
      "fields":{
         "product":7,
         "modulo":39,
         "name":"Negozio Ottica - A (Bianco)modulo espositivo base cassetti + alzata a giorno (bianco)",
         "code":"46",
         "price":"0.00",
         "image":"",
         "slider":"",
         "thumb":"",
         "thumbdue":"",
         "croplibero":"",
         "color":1,
         "material":null,
         "quantity":2,
         "allegato":"",
         "pub_date":"2016-10-10T04:43:03Z",
         "active":false,
         "video":[

         ]
      }
   },
   {
      "model":"product.composition",
      "pk":53,
      "fields":{
         "product":7,
         "modulo":10,
         "name":"Negozio Ottica - A (Bianco)tavolo ponte con teche (bianco)",
         "code":"17",
         "price":"0.00",
         "image":"",
         "slider":"",
         "thumb":"",
         "thumbdue":"",
         "croplibero":"",
         "color":1,
         "material":null,
         "quantity":1,
         "allegato":"",
         "pub_date":"2016-10-10T04:43:03Z",
         "active":false,
         "video":[

         ]
      }
   },
   {
      "model":"product.composition",
      "pk":54,
      "fields":{
         "product":7,
         "modulo":45,
         "name":"Negozio Ottica - A (Bianco)tavolo ponte con cassetti e piani in vetro retroilluminati (bianco)",
         "code":"52",
         "price":"0.00",
         "image":"",
         "slider":"",
         "thumb":"",
         "thumbdue":"",
         "croplibero":"",
         "color":1,
         "material":null,
         "quantity":1,
         "allegato":"",
         "pub_date":"2016-10-10T04:43:03Z",
         "active":false,
         "video":[

         ]
      }
   },
   {
      "model":"product.composition",
      "pk":55,
      "fields":{
         "product":7,
         "modulo":47,
         "name":"Negozio Ottica - A (Bianco)elemento espositore antina con teca (bianco)",
         "code":"54",
         "price":"0.00",
         "image":"",
         "slider":"",
         "thumb":"",
         "thumbdue":"",
         "croplibero":"",
         "color":1,
         "material":null,
         "quantity":1,
         "allegato":"",
         "pub_date":"2016-10-10T04:43:03Z",
         "active":false,
         "video":[

         ]
      }
   },
   {
      "model":"product.composition",
      "pk":56,
      "fields":{
         "product":7,
         "modulo":7,
         "name":"Negozio Ottica - A (Bianco)specchio h 172 (bianco)",
         "code":"14",
         "price":"0.00",
         "image":"",
         "slider":"",
         "thumb":"",
         "thumbdue":"",
         "croplibero":"",
         "color":1,
         "material":null,
         "quantity":6,
         "allegato":"",
         "pub_date":"2016-10-10T04:43:03Z",
         "active":false,
         "video":[

         ]
      }
   },
   {
      "model":"product.composition",
      "pk":57,
      "fields":{
         "product":7,
         "modulo":21,
         "name":"Negozio Ottica - A (Bianco)modulo a sospensione porta grafica (bianco)",
         "code":"28",
         "price":"0.00",
         "image":"",
         "slider":"",
         "thumb":"",
         "thumbdue":"",
         "croplibero":"",
         "color":1,
         "material":null,
         "quantity":10,
         "allegato":"",
         "pub_date":"2016-10-10T04:43:03Z",
         "active":false,
         "video":[

         ]
      }
   },
   {
      "model":"product.composition",
      "pk":58,
      "fields":{
         "product":7,
         "modulo":16,
         "name":"Negozio Ottica - A (Bianco)Lampada a sospensione 150cm",
         "code":"23",
         "price":"0.00",
         "image":"",
         "slider":"",
         "thumb":"",
         "thumbdue":"",
         "croplibero":"",
         "color":1,
         "material":null,
         "quantity":4,
         "allegato":"",
         "pub_date":"2016-10-10T04:43:03Z",
         "active":false,
         "video":[

         ]
      }
   },
   {
      "model":"product.composition",
      "pk":59,
      "fields":{
         "product":8,
         "modulo":43,
         "name":"Negozio Ottica - A (tortora)modulo espositivo base cassetti + alzata mensole occhiali (tortora)",
         "code":"51",
         "price":"0.00",
         "image":"",
         "slider":"",
         "thumb":"",
         "thumbdue":"",
         "croplibero":"",
         "color":3,
         "material":null,
         "quantity":3,
         "allegato":"",
         "pub_date":"2016-10-10T04:48:55Z",
         "active":false,
         "video":[

         ]
      }
   },
   {
      "model":"product.composition",
      "pk":60,
      "fields":{
         "product":8,
         "modulo":37,
         "name":"Negozio Ottica - A (tortora)modulo espositivo base antine + alzata mensole occhiali (tortora)",
         "code":"45",
         "price":"0.00",
         "image":"",
         "slider":"",
         "thumb":"",
         "thumbdue":"",
         "croplibero":"",
         "color":3,
         "material":null,
         "quantity":5,
         "allegato":"",
         "pub_date":"2016-10-10T04:48:55Z",
         "active":false,
         "video":[

         ]
      }
   },
   {
      "model":"product.composition",
      "pk":62,
      "fields":{
         "product":8,
         "modulo":40,
         "name":"Negozio Ottica - A (tortora)modulo espositivo base cassetti + alzata a giorno (tortora)",
         "code":"48",
         "price":"0.00",
         "image":"",
         "slider":"",
         "thumb":"",
         "thumbdue":"",
         "croplibero":"",
         "color":3,
         "material":null,
         "quantity":2,
         "allegato":"",
         "pub_date":"2016-10-10T04:48:55Z",
         "active":false,
         "video":[

         ]
      }
   },
   {
      "model":"product.composition",
      "pk":63,
      "fields":{
         "product":8,
         "modulo":11,
         "name":"Negozio Ottica - A (tortora)tavolo ponte con teche (tortora)",
         "code":"19",
         "price":"0.00",
         "image":"",
         "slider":"",
         "thumb":"",
         "thumbdue":"",
         "croplibero":"",
         "color":3,
         "material":null,
         "quantity":1,
         "allegato":"",
         "pub_date":"2016-10-10T04:48:55Z",
         "active":false,
         "video":[

         ]
      }
   },
   {
      "model":"product.composition",
      "pk":64,
      "fields":{
         "product":8,
         "modulo":59,
         "name":"Negozio Ottica - A (tortora)tavolo ponte con cassetti e piani in vetro retroilluminati (tortora)",
         "code":"67",
         "price":"0.00",
         "image":"",
         "slider":"",
         "thumb":"",
         "thumbdue":"",
         "croplibero":"",
         "color":3,
         "material":null,
         "quantity":1,
         "allegato":"",
         "pub_date":"2016-10-10T04:52:56Z",
         "active":false,
         "video":[

         ]
      }
   },
   {
      "model":"product.composition",
      "pk":65,
      "fields":{
         "product":8,
         "modulo":48,
         "name":"Negozio Ottica - A (tortora)elemento espositore antina con teca (tortora)",
         "code":"56",
         "price":"0.00",
         "image":"",
         "slider":"",
         "thumb":"",
         "thumbdue":"",
         "croplibero":"",
         "color":3,
         "material":null,
         "quantity":1,
         "allegato":"",
         "pub_date":"2016-10-10T04:48:55Z",
         "active":false,
         "video":[

         ]
      }
   },
   {
      "model":"product.composition",
      "pk":66,
      "fields":{
         "product":8,
         "modulo":8,
         "name":"Negozio Ottica - A (tortora)specchio h 172 (tortora)",
         "code":"16",
         "price":"0.00",
         "image":"",
         "slider":"",
         "thumb":"",
         "thumbdue":"",
         "croplibero":"",
         "color":3,
         "material":null,
         "quantity":6,
         "allegato":"",
         "pub_date":"2016-10-10T04:48:55Z",
         "active":false,
         "video":[

         ]
      }
   },
   {
      "model":"product.composition",
      "pk":67,
      "fields":{
         "product":8,
         "modulo":22,
         "name":"Negozio Ottica - A (tortora)modulo a sospensione porta grafica (tortora)",
         "code":"30",
         "price":"0.00",
         "image":"",
         "slider":"",
         "thumb":"",
         "thumbdue":"",
         "croplibero":"",
         "color":3,
         "material":null,
         "quantity":10,
         "allegato":"",
         "pub_date":"2016-10-10T04:48:55Z",
         "active":false,
         "video":[

         ]
      }
   },
   {
      "model":"product.composition",
      "pk":68,
      "fields":{
         "product":8,
         "modulo":16,
         "name":"Negozio Ottica - A (tortora)Lampada a sospensione 150cm",
         "code":"24",
         "price":"0.00",
         "image":"",
         "slider":"",
         "thumb":"",
         "thumbdue":"",
         "croplibero":"",
         "color":3,
         "material":null,
         "quantity":4,
         "allegato":"",
         "pub_date":"2016-10-10T04:49:34Z",
         "active":false,
         "video":[

         ]
      }
   },
   {
      "model":"product.composition",
      "pk":69,
      "fields":{
         "product":9,
         "modulo":44,
         "name":"Negozio Ottica - Amodulo espositivo base cassetti + alzata mensole occhiali (legno vintage)",
         "code":"53",
         "price":"0.00",
         "image":"",
         "slider":"",
         "thumb":"",
         "thumbdue":"",
         "croplibero":"",
         "color":2,
         "material":null,
         "quantity":3,
         "allegato":"",
         "pub_date":"2016-11-04T15:08:03Z",
         "active":false,
         "video":[

         ]
      }
   },
   {
      "model":"product.composition",
      "pk":70,
      "fields":{
         "product":9,
         "modulo":38,
         "name":"Negozio Ottica - A (legno vintage)modulo espositivo base antine + alzata mensole occhiali (legno vin",
         "code":"47",
         "price":"0.00",
         "image":"",
         "slider":"",
         "thumb":"",
         "thumbdue":"",
         "croplibero":"",
         "color":2,
         "material":null,
         "quantity":5,
         "allegato":"",
         "pub_date":"2016-10-10T04:57:03Z",
         "active":false,
         "video":[

         ]
      }
   },
   {
      "model":"product.composition",
      "pk":72,
      "fields":{
         "product":9,
         "modulo":41,
         "name":"Negozio Ottica - A (legno vintage)modulo espositivo base cassetti + alzata a giorno (legno vintage)",
         "code":"50",
         "price":"0.00",
         "image":"",
         "slider":"",
         "thumb":"",
         "thumbdue":"",
         "croplibero":"",
         "color":2,
         "material":null,
         "quantity":2,
         "allegato":"",
         "pub_date":"2016-10-10T04:57:03Z",
         "active":false,
         "video":[

         ]
      }
   },
   {
      "model":"product.composition",
      "pk":73,
      "fields":{
         "product":9,
         "modulo":12,
         "name":"Negozio Ottica - A (legno vintage)tavolo ponte con teche (legno vintage)",
         "code":"21",
         "price":"0.00",
         "image":"",
         "slider":"",
         "thumb":"",
         "thumbdue":"",
         "croplibero":"",
         "color":2,
         "material":null,
         "quantity":1,
         "allegato":"",
         "pub_date":"2016-10-10T04:57:03Z",
         "active":false,
         "video":[

         ]
      }
   },
   {
      "model":"product.composition",
      "pk":74,
      "fields":{
         "product":9,
         "modulo":46,
         "name":"Negozio Ottica - A (legno vintage)tavolo ponte con cassetti e piani in vetro retroilluminati (legno ",
         "code":"55",
         "price":"0.00",
         "image":"",
         "slider":"",
         "thumb":"",
         "thumbdue":"",
         "croplibero":"",
         "color":2,
         "material":null,
         "quantity":1,
         "allegato":"",
         "pub_date":"2016-10-10T04:57:03Z",
         "active":false,
         "video":[

         ]
      }
   },
   {
      "model":"product.composition",
      "pk":75,
      "fields":{
         "product":9,
         "modulo":49,
         "name":"Negozio Ottica - A (legno vintage)elemento espositore antina con teca (legno vintage)",
         "code":"58",
         "price":"0.00",
         "image":"",
         "slider":"",
         "thumb":"",
         "thumbdue":"",
         "croplibero":"",
         "color":2,
         "material":null,
         "quantity":1,
         "allegato":"",
         "pub_date":"2016-10-10T04:57:03Z",
         "active":false,
         "video":[

         ]
      }
   },
   {
      "model":"product.composition",
      "pk":76,
      "fields":{
         "product":9,
         "modulo":9,
         "name":"Negozio Ottica - A (legno vintage)specchio h 172 (legno vintage)",
         "code":"18",
         "price":"0.00",
         "image":"",
         "slider":"",
         "thumb":"",
         "thumbdue":"",
         "croplibero":"",
         "color":2,
         "material":null,
         "quantity":6,
         "allegato":"",
         "pub_date":"2016-10-10T04:57:03Z",
         "active":false,
         "video":[

         ]
      }
   },
   {
      "model":"product.composition",
      "pk":77,
      "fields":{
         "product":9,
         "modulo":23,
         "name":"Negozio Ottica - A (legno vintage)modulo a sospensione porta grafica (legno vintage)",
         "code":"32",
         "price":"0.00",
         "image":"",
         "slider":"",
         "thumb":"",
         "thumbdue":"",
         "croplibero":"",
         "color":2,
         "material":null,
         "quantity":10,
         "allegato":"",
         "pub_date":"2016-10-10T04:57:03Z",
         "active":false,
         "video":[

         ]
      }
   },
   {
      "model":"product.composition",
      "pk":78,
      "fields":{
         "product":9,
         "modulo":16,
         "name":"Negozio Ottica - A (legno vintage)Lampada a sospensione 150cm",
         "code":"25",
         "price":"0.00",
         "image":"",
         "slider":"",
         "thumb":"",
         "thumbdue":"",
         "croplibero":"",
         "color":2,
         "material":null,
         "quantity":4,
         "allegato":"",
         "pub_date":"2016-10-10T04:57:38Z",
         "active":false,
         "video":[

         ]
      }
   },
   {
      "model":"product.composition",
      "pk":79,
      "fields":{
         "product":10,
         "modulo":53,
         "name":"Negozio Ottica - B (bianco)modulo espositivo base antine + alzata nicchia semplice (bianco)",
         "code":"63",
         "price":"0.00",
         "image":"",
         "slider":"",
         "thumb":"",
         "thumbdue":"",
         "croplibero":"",
         "color":1,
         "material":null,
         "quantity":2,
         "allegato":"",
         "pub_date":"2016-10-10T05:04:39Z",
         "active":false,
         "video":[

         ]
      }
   },
   {
      "model":"product.composition",
      "pk":80,
      "fields":{
         "product":10,
         "modulo":51,
         "name":"Negozio Ottica - B (bianco)modulo espositivo base antine + alzata nicchia doppia (bianco)",
         "code":"61",
         "price":"0.00",
         "image":"",
         "slider":"",
         "thumb":"",
         "thumbdue":"",
         "croplibero":"",
         "color":1,
         "material":null,
         "quantity":1,
         "allegato":"",
         "pub_date":"2016-10-10T05:04:39Z",
         "active":false,
         "video":[

         ]
      }
   },
   {
      "model":"product.composition",
      "pk":82,
      "fields":{
         "product":10,
         "modulo":36,
         "name":"Negozio Ottica - B (bianco)modulo espositivo base antine + alzata mensole occhiali (bianco)",
         "code":"46",
         "price":"0.00",
         "image":"",
         "slider":"",
         "thumb":"",
         "thumbdue":"",
         "croplibero":"",
         "color":1,
         "material":null,
         "quantity":2,
         "allegato":"",
         "pub_date":"2016-10-10T05:04:39Z",
         "active":false,
         "video":[

         ]
      }
   },
   {
      "model":"product.composition",
      "pk":83,
      "fields":{
         "product":10,
         "modulo":42,
         "name":"Negozio Ottica - B (bianco)modulo espositivo base cassetti + alzata mensole occhiali (bianco)",
         "code":"52",
         "price":"0.00",
         "image":"",
         "slider":"",
         "thumb":"",
         "thumbdue":"",
         "croplibero":"",
         "color":1,
         "material":null,
         "quantity":4,
         "allegato":"",
         "pub_date":"2016-10-10T05:04:39Z",
         "active":false,
         "video":[

         ]
      }
   },
   {
      "model":"product.composition",
      "pk":84,
      "fields":{
         "product":10,
         "modulo":56,
         "name":"Negozio Ottica - B (bianco)elemento espositore cassetti con piano vetro retroilluminato (bianco)",
         "code":"66",
         "price":"0.00",
         "image":"",
         "slider":"",
         "thumb":"",
         "thumbdue":"",
         "croplibero":"",
         "color":1,
         "material":null,
         "quantity":4,
         "allegato":"",
         "pub_date":"2016-10-10T05:04:39Z",
         "active":false,
         "video":[

         ]
      }
   },
   {
      "model":"product.composition",
      "pk":85,
      "fields":{
         "product":10,
         "modulo":7,
         "name":"Negozio Ottica - B (bianco)specchio h 172 (bianco)",
         "code":"17",
         "price":"0.00",
         "image":"",
         "slider":"",
         "thumb":"",
         "thumbdue":"",
         "croplibero":"",
         "color":1,
         "material":null,
         "quantity":4,
         "allegato":"",
         "pub_date":"2016-10-10T05:04:39Z",
         "active":false,
         "video":[

         ]
      }
   },
   {
      "model":"product.composition",
      "pk":86,
      "fields":{
         "product":10,
         "modulo":21,
         "name":"Negozio Ottica - B (bianco)modulo a sospensione porta grafica (bianco)",
         "code":"31",
         "price":"0.00",
         "image":"",
         "slider":"",
         "thumb":"",
         "thumbdue":"",
         "croplibero":"",
         "color":1,
         "material":null,
         "quantity":9,
         "allegato":"",
         "pub_date":"2016-10-10T05:04:39Z",
         "active":false,
         "video":[

         ]
      }
   },
   {
      "model":"product.composition",
      "pk":87,
      "fields":{
         "product":10,
         "modulo":16,
         "name":"Negozio Ottica - B (bianco)Lampada a sospensione 150cm",
         "code":"26",
         "price":"0.00",
         "image":"",
         "slider":"",
         "thumb":"",
         "thumbdue":"",
         "croplibero":"",
         "color":1,
         "material":null,
         "quantity":2,
         "allegato":"",
         "pub_date":"2016-10-10T05:04:39Z",
         "active":false,
         "video":[

         ]
      }
   },
   {
      "model":"product.composition",
      "pk":88,
      "fields":{
         "product":10,
         "modulo":60,
         "name":"Negozio Ottica - B (bianco)elemento espositore cassetti con teca (bianco)",
         "code":"70",
         "price":"0.00",
         "image":"",
         "slider":"",
         "thumb":"",
         "thumbdue":"",
         "croplibero":"",
         "color":1,
         "material":null,
         "quantity":2,
         "allegato":"",
         "pub_date":"2016-10-10T05:13:15Z",
         "active":false,
         "video":[

         ]
      }
   },
   {
      "model":"product.composition",
      "pk":89,
      "fields":{
         "product":11,
         "modulo":54,
         "name":"Negozio Ottica - B (tortora)modulo espositivo base antine + alzata nicchia semplice (tortora)",
         "code":"65",
         "price":"0.00",
         "image":"",
         "slider":"",
         "thumb":"",
         "thumbdue":"",
         "croplibero":"",
         "color":1,
         "material":null,
         "quantity":2,
         "allegato":"",
         "pub_date":"2016-10-10T05:20:07Z",
         "active":false,
         "video":[

         ]
      }
   },
   {
      "model":"product.composition",
      "pk":90,
      "fields":{
         "product":11,
         "modulo":50,
         "name":"Negozio Ottica - B (tortora)modulo espositivo base antine + alzata nicchia doppia (tortora)",
         "code":"61",
         "price":"0.00",
         "image":"",
         "slider":"",
         "thumb":"",
         "thumbdue":"",
         "croplibero":"",
         "color":1,
         "material":null,
         "quantity":1,
         "allegato":"",
         "pub_date":"2016-10-10T05:20:07Z",
         "active":false,
         "video":[

         ]
      }
   },
   {
      "model":"product.composition",
      "pk":92,
      "fields":{
         "product":11,
         "modulo":61,
         "name":"Negozio Ottica - B (tortora)elemento espositore cassetti con teca (tortora)",
         "code":"72",
         "price":"0.00",
         "image":"",
         "slider":"",
         "thumb":"",
         "thumbdue":"",
         "croplibero":"",
         "color":null,
         "material":null,
         "quantity":null,
         "allegato":"",
         "pub_date":"2016-10-10T05:20:07Z",
         "active":false,
         "video":[

         ]
      }
   },
   {
      "model":"product.composition",
      "pk":93,
      "fields":{
         "product":11,
         "modulo":37,
         "name":"Negozio Ottica - B (tortora)modulo espositivo base antine + alzata mensole occhiali (tortora)",
         "code":"48",
         "price":"0.00",
         "image":"",
         "slider":"",
         "thumb":"",
         "thumbdue":"",
         "croplibero":"",
         "color":3,
         "material":null,
         "quantity":2,
         "allegato":"",
         "pub_date":"2016-10-10T05:20:07Z",
         "active":false,
         "video":[

         ]
      }
   },
   {
      "model":"product.composition",
      "pk":94,
      "fields":{
         "product":11,
         "modulo":43,
         "name":"Negozio Ottica - B (tortora)modulo espositivo base cassetti + alzata mensole occhiali (tortora)",
         "code":"54",
         "price":"0.00",
         "image":"",
         "slider":"",
         "thumb":"",
         "thumbdue":"",
         "croplibero":"",
         "color":3,
         "material":null,
         "quantity":4,
         "allegato":"",
         "pub_date":"2016-10-10T05:20:07Z",
         "active":false,
         "video":[

         ]
      }
   },
   {
      "model":"product.composition",
      "pk":95,
      "fields":{
         "product":11,
         "modulo":57,
         "name":"Negozio Ottica - B (tortora)elemento espositore cassetti con piano vetro retroilluminato (tortora)",
         "code":"68",
         "price":"0.00",
         "image":"",
         "slider":"",
         "thumb":"",
         "thumbdue":"",
         "croplibero":"",
         "color":3,
         "material":null,
         "quantity":4,
         "allegato":"",
         "pub_date":"2016-10-10T05:20:07Z",
         "active":false,
         "video":[

         ]
      }
   },
   {
      "model":"product.composition",
      "pk":96,
      "fields":{
         "product":11,
         "modulo":8,
         "name":"Negozio Ottica - B (tortora)specchio h 172 (tortora)",
         "code":"19",
         "price":"0.00",
         "image":"",
         "slider":"",
         "thumb":"",
         "thumbdue":"",
         "croplibero":"",
         "color":3,
         "material":null,
         "quantity":4,
         "allegato":"",
         "pub_date":"2016-10-10T05:20:07Z",
         "active":false,
         "video":[

         ]
      }
   },
   {
      "model":"product.composition",
      "pk":97,
      "fields":{
         "product":11,
         "modulo":22,
         "name":"Negozio Ottica - B (tortora)modulo a sospensione porta grafica (tortora)",
         "code":"33",
         "price":"0.00",
         "image":"",
         "slider":"",
         "thumb":"",
         "thumbdue":"",
         "croplibero":"",
         "color":3,
         "material":null,
         "quantity":9,
         "allegato":"",
         "pub_date":"2016-10-10T05:20:07Z",
         "active":false,
         "video":[

         ]
      }
   },
   {
      "model":"product.composition",
      "pk":98,
      "fields":{
         "product":11,
         "modulo":16,
         "name":"Negozio Ottica - B (tortora)Lampada a sospensione 150cm",
         "code":"27",
         "price":"0.00",
         "image":"",
         "slider":"",
         "thumb":"",
         "thumbdue":"",
         "croplibero":"",
         "color":3,
         "material":null,
         "quantity":2,
         "allegato":"",
         "pub_date":"2016-10-10T05:20:07Z",
         "active":false,
         "video":[

         ]
      }
   },
   {
      "model":"product.composition",
      "pk":99,
      "fields":{
         "product":12,
         "modulo":55,
         "name":"Negozio Ottica - Bmodulo espositivo base antine + alzata nicchia semplice (legno vintage)",
         "code":"67",
         "price":"0.00",
         "image":"",
         "slider":"",
         "thumb":"",
         "thumbdue":"",
         "croplibero":"",
         "color":2,
         "material":null,
         "quantity":2,
         "allegato":"",
         "pub_date":"2016-11-29T07:16:29Z",
         "active":false,
         "video":[

         ]
      }
   },
   {
      "model":"product.composition",
      "pk":100,
      "fields":{
         "product":12,
         "modulo":52,
         "name":"Negozio Ottica - Bmodulo espositivo base antine + alzata nicchia doppia (legno vintage)",
         "code":"64",
         "price":"0.00",
         "image":"",
         "slider":"",
         "thumb":"",
         "thumbdue":"",
         "croplibero":"",
         "color":2,
         "material":null,
         "quantity":1,
         "allegato":"",
         "pub_date":"2016-11-29T13:17:05Z",
         "active":false,
         "video":[

         ]
      }
   },
   {
      "model":"product.composition",
      "pk":102,
      "fields":{
         "product":12,
         "modulo":62,
         "name":"Negozio Ottica - Belemento espositore cassetti con teca (legno vintage)",
         "code":"74",
         "price":"0.00",
         "image":"",
         "slider":"",
         "thumb":"",
         "thumbdue":"",
         "croplibero":"",
         "color":2,
         "material":null,
         "quantity":2,
         "allegato":"",
         "pub_date":"2016-11-29T07:18:16Z",
         "active":false,
         "video":[

         ]
      }
   },
   {
      "model":"product.composition",
      "pk":103,
      "fields":{
         "product":12,
         "modulo":38,
         "name":"Negozio Ottica - Bmodulo espositivo base antine + alzata mensole occhiali (legno vintage)",
         "code":"50",
         "price":"0.00",
         "image":"",
         "slider":"",
         "thumb":"",
         "thumbdue":"",
         "croplibero":"",
         "color":2,
         "material":null,
         "quantity":2,
         "allegato":"",
         "pub_date":"2016-11-29T07:18:16Z",
         "active":false,
         "video":[

         ]
      }
   },
   {
      "model":"product.composition",
      "pk":104,
      "fields":{
         "product":12,
         "modulo":44,
         "name":"Negozio Ottica - Bmodulo espositivo base cassetti + alzata mensole occhiali (legno vintage)",
         "code":"56",
         "price":"0.00",
         "image":"",
         "slider":"",
         "thumb":"",
         "thumbdue":"",
         "croplibero":"",
         "color":2,
         "material":null,
         "quantity":4,
         "allegato":"",
         "pub_date":"2016-11-29T07:18:47Z",
         "active":false,
         "video":[

         ]
      }
   },
   {
      "model":"product.composition",
      "pk":105,
      "fields":{
         "product":12,
         "modulo":58,
         "name":"Negozio Ottica - Belemento espositore cassetti con piano vetro retroilluminato (legno vintage)",
         "code":"70",
         "price":"0.00",
         "image":"",
         "slider":"",
         "thumb":"",
         "thumbdue":"",
         "croplibero":"",
         "color":2,
         "material":null,
         "quantity":4,
         "allegato":"",
         "pub_date":"2016-11-29T07:19:22Z",
         "active":false,
         "video":[

         ]
      }
   },
   {
      "model":"product.composition",
      "pk":106,
      "fields":{
         "product":12,
         "modulo":9,
         "name":"Negozio Ottica - Bspecchio h 172 (legno vintage)",
         "code":"21",
         "price":"0.00",
         "image":"",
         "slider":"",
         "thumb":"",
         "thumbdue":"",
         "croplibero":"",
         "color":2,
         "material":null,
         "quantity":4,
         "allegato":"",
         "pub_date":"2016-11-29T07:19:46Z",
         "active":false,
         "video":[

         ]
      }
   },
   {
      "model":"product.composition",
      "pk":107,
      "fields":{
         "product":12,
         "modulo":21,
         "name":"Negozio Ottica - Bmodulo a sospensione porta grafica (bianco)",
         "code":"33",
         "price":"0.00",
         "image":"",
         "slider":"",
         "thumb":"",
         "thumbdue":"",
         "croplibero":"",
         "color":2,
         "material":null,
         "quantity":9,
         "allegato":"",
         "pub_date":"2016-11-29T07:20:35Z",
         "active":false,
         "video":[

         ]
      }
   },
   {
      "model":"product.composition",
      "pk":108,
      "fields":{
         "product":12,
         "modulo":16,
         "name":"Negozio Ottica - BLampada a sospensione 150cm",
         "code":"28",
         "price":"0.00",
         "image":"",
         "slider":"",
         "thumb":"",
         "thumbdue":"",
         "croplibero":"",
         "color":2,
         "material":null,
         "quantity":2,
         "allegato":"",
         "pub_date":"2016-11-29T07:20:35Z",
         "active":false,
         "video":[

         ]
      }
   }
]